{
  "Pregnancies": 0.13520212471485138,
  "Glucose": 0.1327199637889862,
  "Age": 0.13214337825775146,
  "BMI": 0.12685219943523407,
  "SkinThickness": 0.12548589706420898,
  "BloodPressure": 0.12356969714164734,
  "DiabetesPedigreeFunction": 0.1176367774605751,
  "Insulin": 0.10638998448848724
}