{
  "thalch": 0.09263094514608383,
  "slope": 0.09014449268579483,
  "ca": 0.08606621623039246,
  "thal": 0.0849272608757019,
  "cp": 0.08457209169864655,
  "sex": 0.08287836611270905,
  "exang": 0.08205778896808624,
  "chol": 0.08172553032636642,
  "oldpeak": 0.08069823682308197,
  "trestbps": 0.08017274737358093,
  "restecg": 0.07902073860168457,
  "age": 0.07484959065914154,
  "fbs": 0.00025594685575924814
}