{
  "mean": [
    54.37332011579812,
    0.17174548888068097,
    0.10887174768636017,
    116.78762195047508,
    29.28603989674569
  ],
  "std": [
    22.109039886871336,
    0.33211673801362984,
    0.2784561838539684,
    50.65250434299863,
    6.430691726854733
  ],
  "feature_names": [
    "age",
    "hypertension",
    "heart_disease",
    "avg_glucose_level",
    "bmi"
  ]
}