{
  "mean": [
    54.37332011579812,
    0.17174548888068097,
    0.10887174768636017,
    116.78762195047508,
    29.28603989674569,
    66.4839181905569,
    35.03565236421858,
    16.23442599747592,
    0.2806172365670404,
    3445.664894589167,
    899.6292633024717,
    1.2074035840722461,
    0.384929935890773,
    1.1370572526191955
  ],
  "std": [
    22.109039886871336,
    0.33211673801362984,
    0.2784561838539684,
    50.65250434299863,
    6.430691726854733,
    44.47743111817272,
    19.520420231761822,
    7.168553826097783,
    0.45143477905805385,
    2104.194643921348,
    414.6815005296155,
    0.8086566724294513,
    0.662029869537456,
    0.7500674177081332
  ],
  "feature_names": [
    "age",
    "hypertension",
    "heart_disease",
    "avg_glucose_level",
    "bmi",
    "age_glucose",
    "bmi_glucose",
    "age_bmi",
    "health_risk",
    "age_squared",
    "bmi_squared",
    "age_group_risk",
    "glucose_risk",
    "bmi_category"
  ]
}