{
  "mean": [
    3.8127035830618894,
    121.15065146579805,
    70.73452768729642,
    20.745928338762216,
    73.95276872964169,
    32.112785016286644,
    0.46500814332247553,
    33.31921824104234
  ],
  "std": [
    3.2892483305292477,
    30.73947814580738,
    13.894889741673824,
    15.708685786992932,
    91.17809295015962,
    7.008167308143306,
    0.28706425684127956,
    11.672089627046953
  ],
  "feature_names": [
    "Pregnancies",
    "Glucose",
    "BloodPressure",
    "SkinThickness",
    "Insulin",
    "BMI",
    "DiabetesPedigreeFunction",
    "Age"
  ]
}