{
  "mean": [
    54.75313807531381,
    0.694560669456067,
    0.9581589958158996,
    131.89121338912133,
    247.0774058577406,
    0.0,
    0.5355648535564853,
    149.70292887029288,
    0.35564853556485354,
    1.0401673640167366,
    1.397489539748954,
    0.6401673640167364,
    1.3221757322175731
  ],
  "std": [
    9.14422678294467,
    0.4605932542936414,
    1.0341078461562105,
    16.781037757981473,
    49.29299062393333,
    1.0,
    0.5232969937826568,
    22.65734457936865,
    0.4787093635134252,
    1.0974950430315507,
    0.6178600325033656,
    0.8643433991986287,
    0.5935231614492943
  ],
  "feature_names": [
    "age",
    "sex",
    "cp",
    "trestbps",
    "chol",
    "fbs",
    "restecg",
    "thalch",
    "exang",
    "oldpeak",
    "slope",
    "ca",
    "thal"
  ]
}